sample_ID,NMFS_DNA_ID,SEQUENCER,BOX_ID,BOX_POSITION,SAMPLE_ID,BATCH_ID,PROJECT_ME,GENUS,SPECIES,LENGTH,WEIGHT,SEX,AGE,REPORTED_LIFE_STAGE,PHENOTYPE,HATCHERY_MARK,TAG_NUMBER,COLLECTION_DATE,ESTIMATED_DATE,PICKER,PICK_DATE,LEFTOVER_SAMPLE,SAMPLE_COMMENTS,NMFS_D_ID,STATE_F,COUNTY_F,WATERSHED,TRIB_1,TRIB_2,WATER_ME,REACH_SITE,HATCHERY,STRAIN,LATITUDE_F,LONGITUDE_F,LOCATION_COMMENTS_F,NMFS_D_ID,SPECIES_CODE,COMMON_ME,LANDFALL_PORT,CRUISE,HAUL,SITE,STATE_M,COUNTY_M,LATITUDE_M,LONGITUDE_M,LOCATION_COMMENTS_M
M132777_6,M132777,NovaSeq6000,M1362,2D,SH111913TR01-T,4351,,Oncorhynchus,mykiss,580,,Female,,,,,4693,11/19/13,,LC,8/3/22,,,M132777,California,Del Norte,Klamath River,,,Shasta River,,,,,,,,,,,,,,,,,,
M133066_6,M133066,NovaSeq6000,M1365,2E,16,4600,,Oncorhynchus,mykiss,127,,,,,,,,6/18/16,,LC,8/8/22,,Repicked. Origil NMFS ID: M093851,M133066,California,San Francisco,Sacramento River,Tuolumne River,Cherry Creek,Frog Creek,,,,,,,,,,,,,,,,,,
M133148_6,M133148,NovaSeq6000,M1365,12G,102709_01,4771,,Oncorhynchus,mykiss,,,,,,,,,10/27/09,,LC,8/8/22,,,M133148,California,Marin,Miller Creek,,,Miller Creek,,,,,,,,,,,,,,,,,,
M132802_6,M132802,NovaSeq6000,M1362,5E,5737,4521,2014 Coastwide Steelhead,Oncorhynchus,mykiss,60,2.1,,,JUVENILE,,,,8/17/14,,LC,8/3/22,None,Repicked. Origil NMFS ID: M079904,M132802,California,Del Norte,Klamath River,,,Blue Creek,,,,,,,,,,,,,,,,,,
M133113_6,M133113,NovaSeq6000,M1365,8D,150827,4611,2014 Coastwide Steelhead,Oncorhynchus,mykiss,63,2.8,,,JUVENILE,,,,6/23/15,,LC,8/8/22,,YOY; BY14/15. Sampled in 2015. Repicked. Origil NMFS ID: M086645,M133113,California,Santa Cruz,Pajaro River,,,West Branch Corralitos Creek,8,,,36.99941,-121.80418,Section 1,,,,,,,,,,,,
M133095_6,M133095,NovaSeq6000,M1365,6B,120,4905,,Oncorhynchus,mykiss,215,,,,,,,,7/14/16,,LC,8/8/22,,Repicked. Origil NMFS ID: M098247,M133095,California,San Diego,San Luis Rey River,,,West Fork San Luis Rey,,,,,,,,,,,,,,,,,,
M132836_6,M132836,NovaSeq6000,M1362,9G,T15-2,4696,,Oncorhynchus,mykiss,252,,,,JUVENILE,,,178696009,11/9/15,,LC,8/3/22,None,Repicked. Origil NMFS ID: M086528,M132836,California,Los Angeles,Topanga Creek,,,Topanga Creek,,,,,,,,,,,,,,,,,,
M132778_6,M132778,NovaSeq6000,M1362,2E,SH112813WB015,4351,,Oncorhynchus,mykiss,540,,Male,,,,,,11/28/13,,LC,8/3/22,,,M132778,California,Del Norte,Klamath River,,,Shasta River,,,,,,,,,,,,,,,,,,
M133067_6,M133067,NovaSeq6000,M1365,2F,17,4600,,Oncorhynchus,mykiss,482.6,,,,,,,,6/18/16,,LC,8/8/22,,Repicked. Origil NMFS ID: M093852,M133067,California,San Francisco,Sacramento River,Tuolumne River,Cherry Creek,Frog Creek,,,,,,,,,,,,,,,,,,
M018534_6,M018534,NovaSeq6000,M178,1C,BS01332,A038,Southern Steelhead TRT,Oncorhynchus,mykiss,60,3.4,,,,,,,10/14/03,,April,3/8/04,None,,M018534,California,Monterey,Salis River,Santa Margarita Creek,,Tassajera Creek,2,,,,,,,,,,,,,,,,,
M019404_6,M019404,NovaSeq6000,M187,2A,61604-9,A049,Klamath Below Iron Gate,Oncorhynchus,mykiss,68,,,,,,,,6/16/04,,April,7/8/04,None,,M019404,California,Del Norte,Klamath River,,,Shasta River,,,,,,,,,,,,,,,,,,
M065405_6,M065405,NovaSeq6000,M667,9A,T12-149,4019,,Oncorhynchus,mykiss,126,,,,,,,3.80181E+14,11/27/12,,HR,6/24/13,,,M065405,California,Los Angeles,Topanga Creek,,,Topanga Creek,,,,,,,,,,,,,,,,,,
M077101_6,M077101,NovaSeq6000,M779,8H,1864,4521,2014 Coastwide Steelhead,Oncorhynchus,mykiss,84,6.3,,,JUVENILE,,,,7/11/14,,LC,1/16/15,None,Age 0 confirmed by scale,M077101,California,Marin,Miller Creek,,,Miller Creek,,,,,,,,,,,,,,,,,,
M079916_6,M079916,NovaSeq6000,M809,10H,5749,4521,2014 Coastwide Steelhead,Oncorhynchus,mykiss,74,4.1,,,Juvenile,,,,8/17/14,,LC,3/25/15,None,,M079916,California,Del Norte,Klamath River,,,Blue Creek,,,,,,,,,,,,,,,,,,
M086632_6,M086632,NovaSeq6000,M879,12E,150814,4611,2014 Coastwide Steelhead,Oncorhynchus,mykiss,65,3.3,,,JUVENILE,,,,6/23/15,,LC,12/1/15,None,YOY; BY14/15. Sampled in 2015.,M086632,California,Santa Cruz,Pajaro River,,,West Branch Corralitos Creek,8,,,36.99941,-121.80418,Section 6,,,,,,,,,,,,
M098246_6,M098246,NovaSeq6000,M1000,12C,119,4905,,Oncorhynchus,mykiss,149,,,,,,,,7/14/16,,LC,1/18/17,,,M098246,California,San Diego,San Luis Rey River,,,West Fork San Luis Rey,,,,,,,,,,,,,,,,,,
M027822_6,M027822,NovaSeq6000,M275,3C,M060020TOU,974,Central Valley Steelhead Project,Oncorhynchus,mykiss,198,,,,,,,,8/9/06,,RV,1/11/07,,Sample ID=DFG Archive ID; Tag ID corresponds to metadata ID#; Tuolumne-12,M027822,California,San Francisco,Sacramento River,San Joaquin River,,Tuolumne River,upper,,,37.89412,-119.9412,Cherry Creek Bridge,,,,,,,,,,,,
M132777_X,M132777,NovaSeqX,M1362,2D,SH111913TR01-T,4351,,Oncorhynchus,mykiss,580,,Female,,,,,4693,11/19/13,,LC,8/3/22,,,M132777,California,Del Norte,Klamath River,,,Shasta River,,,,,,,,,,,,,,,,,,
M133066_X,M133066,NovaSeqX,M1365,2E,16,4600,,Oncorhynchus,mykiss,127,,,,,,,,6/18/16,,LC,8/8/22,,Repicked. Origil NMFS ID: M093851,M133066,California,San Francisco,Sacramento River,Tuolumne River,Cherry Creek,Frog Creek,,,,,,,,,,,,,,,,,,
M133148_X,M133148,NovaSeqX,M1365,12G,102709_01,4771,,Oncorhynchus,mykiss,,,,,,,,,10/27/09,,LC,8/8/22,,,M133148,California,Marin,Miller Creek,,,Miller Creek,,,,,,,,,,,,,,,,,,
M132802_X,M132802,NovaSeqX,M1362,5E,5737,4521,2014 Coastwide Steelhead,Oncorhynchus,mykiss,60,2.1,,,JUVENILE,,,,8/17/14,,LC,8/3/22,None,Repicked. Origil NMFS ID: M079904,M132802,California,Del Norte,Klamath River,,,Blue Creek,,,,,,,,,,,,,,,,,,
M133113_X,M133113,NovaSeqX,M1365,8D,150827,4611,2014 Coastwide Steelhead,Oncorhynchus,mykiss,63,2.8,,,JUVENILE,,,,6/23/15,,LC,8/8/22,,YOY; BY14/15. Sampled in 2015. Repicked. Origil NMFS ID: M086645,M133113,California,Santa Cruz,Pajaro River,,,West Branch Corralitos Creek,8,,,36.99941,-121.80418,Section 1,,,,,,,,,,,,
M133095_X,M133095,NovaSeqX,M1365,6B,120,4905,,Oncorhynchus,mykiss,215,,,,,,,,7/14/16,,LC,8/8/22,,Repicked. Origil NMFS ID: M098247,M133095,California,San Diego,San Luis Rey River,,,West Fork San Luis Rey,,,,,,,,,,,,,,,,,,
M132836_X,M132836,NovaSeqX,M1362,9G,T15-2,4696,,Oncorhynchus,mykiss,252,,,,JUVENILE,,,178696009,11/9/15,,LC,8/3/22,None,Repicked. Origil NMFS ID: M086528,M132836,California,Los Angeles,Topanga Creek,,,Topanga Creek,,,,,,,,,,,,,,,,,,
M132778_X,M132778,NovaSeqX,M1362,2E,SH112813WB015,4351,,Oncorhynchus,mykiss,540,,Male,,,,,,11/28/13,,LC,8/3/22,,,M132778,California,Del Norte,Klamath River,,,Shasta River,,,,,,,,,,,,,,,,,,
M133067_X,M133067,NovaSeqX,M1365,2F,17,4600,,Oncorhynchus,mykiss,482.6,,,,,,,,6/18/16,,LC,8/8/22,,Repicked. Origil NMFS ID: M093852,M133067,California,San Francisco,Sacramento River,Tuolumne River,Cherry Creek,Frog Creek,,,,,,,,,,,,,,,,,,
M018534_X,M018534,NovaSeqX,M178,1C,BS01332,A038,Southern Steelhead TRT,Oncorhynchus,mykiss,60,3.4,,,,,,,10/14/03,,April,3/8/04,None,,M018534,California,Monterey,Salis River,Santa Margarita Creek,,Tassajera Creek,2,,,,,,,,,,,,,,,,,
M019404_X,M019404,NovaSeqX,M187,2A,61604-9,A049,Klamath Below Iron Gate,Oncorhynchus,mykiss,68,,,,,,,,6/16/04,,April,7/8/04,None,,M019404,California,Del Norte,Klamath River,,,Shasta River,,,,,,,,,,,,,,,,,,
M065405_X,M065405,NovaSeqX,M667,9A,T12-149,4019,,Oncorhynchus,mykiss,126,,,,,,,3.80181E+14,11/27/12,,HR,6/24/13,,,M065405,California,Los Angeles,Topanga Creek,,,Topanga Creek,,,,,,,,,,,,,,,,,,
M077101_X,M077101,NovaSeqX,M779,8H,1864,4521,2014 Coastwide Steelhead,Oncorhynchus,mykiss,84,6.3,,,JUVENILE,,,,7/11/14,,LC,1/16/15,None,Age 0 confirmed by scale,M077101,California,Marin,Miller Creek,,,Miller Creek,,,,,,,,,,,,,,,,,,
M079916_X,M079916,NovaSeqX,M809,10H,5749,4521,2014 Coastwide Steelhead,Oncorhynchus,mykiss,74,4.1,,,Juvenile,,,,8/17/14,,LC,3/25/15,None,,M079916,California,Del Norte,Klamath River,,,Blue Creek,,,,,,,,,,,,,,,,,,
M086632_X,M086632,NovaSeqX,M879,12E,150814,4611,2014 Coastwide Steelhead,Oncorhynchus,mykiss,65,3.3,,,JUVENILE,,,,6/23/15,,LC,12/1/15,None,YOY; BY14/15. Sampled in 2015.,M086632,California,Santa Cruz,Pajaro River,,,West Branch Corralitos Creek,8,,,36.99941,-121.80418,Section 6,,,,,,,,,,,,
M098246_X,M098246,NovaSeqX,M1000,12C,119,4905,,Oncorhynchus,mykiss,149,,,,,,,,7/14/16,,LC,1/18/17,,,M098246,California,San Diego,San Luis Rey River,,,West Fork San Luis Rey,,,,,,,,,,,,,,,,,,
M027822_X,M027822,NovaSeqX,M275,3C,M060020TOU,974,Central Valley Steelhead Project,Oncorhynchus,mykiss,198,,,,,,,,8/9/06,,RV,1/11/07,,Sample ID=DFG Archive ID; Tag ID corresponds to metadata ID#; Tuolumne-12,M027822,California,San Francisco,Sacramento River,San Joaquin River,,Tuolumne River,upper,,,37.89412,-119.9412,Cherry Creek Bridge,,,,,,,,,,,,